{
   "name": "PTF-09axc",
   "catalog_version": "v0.2",
   "catalog_creation_date": "Oct-2023",
   "ra": 223.30448,
   "dec": 22.2423,
   "z": 0.1146,
   "peak_year": 2009.525,
   "peak_mjd": 55023.62500000004,
   "peak_limit": false,
   "spectral_type": "H",
   "spectral_subtype": "-",
   "paper_ref": "2014ApJ...793...38A",
   "nickname": "PTF-09axc",
   "extinction": {
      "note": "\nExinction due to Galatic absorption to be applied to the TDE light.\nE(B-V) based on from maps of Schlegel, Finkbeiner & Davis (1998).\nWe use a blackbody with T=3e4K to find the linear extinction in each optical/UV band (similar to A_nu), \nwe also give the ratio of total-to-selective extinction (R_nu)\n",
      "e_bv": 0.030703158848370018,
      "linear_extinction": {
         "FUV": 0.7922321125292294,
         "NUV": 0.7908147660983973,
         "u.sdss": 0.8699772900000073,
         "g.sdss": 0.8965827776354988,
         "r.sdss": 0.9252056123430014,
         "i.sdss": 0.9420221584553247,
         "z.sdss": 0.9573580592423597,
         "F150LP": 0.796735228947766,
         "F125LP": 0.778109614081545,
         "F225W": 0.790577757263908,
         "I.johnson": 0.9537375160673233,
         "J": 0.9747119399775184,
         "H": 0.983957543941353,
         "K": 0.9895463405955894,
         "V.uvot": 0.914208842140266,
         "B.uvot": 0.8881267131803606,
         "U.uvot": 0.8671890253888881,
         "UVW1.uvot": 0.8137930531363631,
         "UVM2.uvot": 0.7803937044309046,
         "UVW2.uvot": 0.7902336699018747,
         "g.ps": 0.9000624864848354,
         "r.ps": 0.9252805417051037,
         "i.ps": 0.942588591806047,
         "z.ps": 0.9555793097272092,
         "y.ps": 0.9627089699161248,
         "u.sm": 0.868916937714325,
         "v.sm": 0.8759133157052926,
         "g.sm": 0.9044449013547898,
         "r.sm": 0.9239911107268367,
         "i.sm": 0.9453891644817985,
         "z.sm": 0.9589021608573193,
         "V.om": 0.9140880980867154,
         "B.om": 0.8877583848318612,
         "U.om": 0.8674369182718735,
         "UVW1.om": 0.8390093717084741,
         "UVM2.om": 0.7850156996322354,
         "r.ztf": 0.9238382644689631,
         "g.ztf": 0.8899582643161124,
         "i.ztf": 0.906211395679745,
         "o.atlas": 0.9320242978824834,
         "c.atlas": 0.9085183232869083,
         "g.decam": 0.8976055250652174,
         "r.decam": 0.9281106091711102,
         "i.decam": 0.9458328448240415,
         "z.decam": 0.9593644280585063,
         "y.decam": 0.9643927230043323
      },
      "R_nu": {
         "FUV": 8.235924378030072,
         "NUV": 8.299246230385013,
         "u.sdss": 4.925558670659275,
         "g.sdss": 3.8603200359102336,
         "r.sdss": 2.749044618532346,
         "i.sdss": 2.1120694488965195,
         "z.sdss": 1.5410142710012777,
         "F150LP": 8.03549073389422,
         "F125LP": 8.87198766594751,
         "F225W": 8.309845992355724,
         "I.johnson": 1.6750014055924007,
         "J": 0.9057466984835569,
         "H": 0.571898827372851,
         "K": 0.3716118373730689,
         "V.uvot": 3.1718709110817067,
         "B.uvot": 4.195420676086608,
         "U.uvot": 5.0390765361046785,
         "UVW1.uvot": 7.286385598025035,
         "UVM2.uvot": 8.768335802421122,
         "UVW2.uvot": 8.325240291376376,
         "g.ps": 3.7233415473563327,
         "r.ps": 2.746180853039087,
         "i.ps": 2.0908126227237975,
         "z.ps": 1.6067778476440921,
         "y.ps": 1.3439156020487604,
         "u.sm": 4.968685578524562,
         "v.sm": 4.685093780704196,
         "g.sm": 3.55157960840561,
         "r.sm": 2.795494680795884,
         "i.sm": 1.985901496634636,
         "z.sm": 1.4840250470271448,
         "V.om": 3.176541700374423,
         "B.om": 4.210089373335222,
         "U.om": 5.028969368213806,
         "UVW1.om": 6.207275647506918,
         "UVM2.om": 8.559514851108423,
         "r.ztf": 2.8013447930643953,
         "g.ztf": 4.12256926882936,
         "i.ztf": 3.482579841895994,
         "o.atlas": 2.489382736485234,
         "c.atlas": 3.392672842227461,
         "g.decam": 3.820004570387758,
         "r.decam": 2.6381864377694804,
         "i.decam": 1.969309489035608,
         "z.decam": 1.4669816805581228,
         "y.decam": 1.282121768457289
      }
   },
   "host": {
      "vel_disp_km/s": 60.0,
      "e_vel_disp_km/s": 4.0,
      "vel_disp_source": "Wevers et al. 2017MNRAS.471.1694W",
      "note": "\nThe \"observations\" key constains the observed magnitudes, corrected for Galactic extinction. \nThe \"model\" key containts output from Prospector with FSPS (e.g., stellar mass). \nEach parameter is [median, lower, upper] range of the 68%CL interval.\nWe also give the synthetic observed magnitudes, these are also corrected for Galactic extinction. \nTo reverse the Galactic extinction correction, use the \"R_nu\" key.\nParameters with .0 indicate magnitudes in the galaxy rest-frame.\n",
      "Hubble_h": 0.7,
      "observations": {
         "maggies": [
            0.0,
            7.075968841078251e-10,
            7.4354954729777084e-09,
            3.424386944294515e-08,
            6.106407123382562e-08,
            7.684554866613838e-08,
            9.08163386219637e-08,
            6.137620051647934e-08,
            3.908408957924017e-08,
            0.0
         ],
         "maggies_unc": [
            1.0669750563060706e-09,
            6.029038782096805e-10,
            5.478675531233019e-10,
            1.5769884661151967e-09,
            2.812104402810668e-09,
            3.5388682964319743e-09,
            4.1822469502246606e-09,
            2.8264784874771757e-09,
            2.6278377075213486e-09,
            4.0904397897287344e-08
         ],
         "mags": [
            20.68218932259329,
            22.87553522041821,
            20.321725216136652,
            18.663542918488133,
            18.035535610008136,
            17.7859532106423,
            17.60459002806326,
            18.03,
            18.52,
            17.718
         ],
         "mags_unc": [
            0.05,
            0.9250953237120072,
            0.08,
            0.05,
            0.05,
            0.05,
            0.05,
            0.05,
            0.073,
            0.05
         ],
         "filternames": [
            "GALEX_FUV",
            "GALEX_NUV",
            "sdss_u0",
            "sdss_g0",
            "sdss_r0",
            "sdss_i0",
            "sdss_z0",
            "wise_w1",
            "wise_w2",
            "wise_w3"
         ]
      },
      "model": {
         "mass": [
            10.074447535453574,
            0.09540471391474625,
            0.20382361760981738
         ],
         "logzsol": [
            -0.9704788357011906,
            0.5091805679232027,
            0.16767983857163893
         ],
         "dust2": [
            0.1467564602626451,
            0.09233254121160672,
            0.11869352928627153
         ],
         "tage": [
            3.2693707708002937,
            0.9019872708880952,
            3.463923423603085
         ],
         "tau": [
            0.2319981177938819,
            0.10606032118717115,
            0.20017736391662744
         ],
         "GALEX_FUV": [
            25.21269842169474,
            0.66240566758513,
            0.547034685005201
         ],
         "GALEX_NUV": [
            22.390951274024324,
            0.18282900851020045,
            0.13755195625823546
         ],
         "sdss_g0": [
            18.762400840813825,
            0.042779629934518226,
            0.028313281737258222
         ],
         "sdss_i0": [
            17.745678856687235,
            0.02580978052515448,
            0.020665438362250654
         ],
         "sdss_r0": [
            18.038109365553325,
            0.020896687223160626,
            0.01900939246851152
         ],
         "sdss_u0": [
            20.255087856132846,
            0.04188580259096142,
            0.043327635467562686
         ],