{
   "name": "PTF-09djl",
   "catalog_version": "v0.2",
   "catalog_creation_date": "Oct-2023",
   "ra": 248.48322,
   "dec": 30.23796,
   "z": 0.184,
   "peak_year": 2009.595,
   "peak_mjd": 55049.17500000001,
   "peak_limit": false,
   "spectral_type": "H",
   "spectral_subtype": "-",
   "paper_ref": "2014ApJ...793...38A",
   "nickname": "PTF-09djl",
   "extinction": {
      "note": "\nExinction due to Galatic absorption to be applied to the TDE light.\nE(B-V) based on from maps of Schlegel, Finkbeiner & Davis (1998).\nWe use a blackbody with T=3e4K to find the linear extinction in each optical/UV band (similar to A_nu), \nwe also give the ratio of total-to-selective extinction (R_nu)\n",
      "e_bv": 0.015372328871374274,
      "linear_extinction": {
         "FUV": 0.8899221339765064,
         "NUV": 0.8890117065709284,
         "u.sdss": 0.9326348802323428,
         "g.sdss": 0.9467946851460086,
         "r.sdss": 0.9618220424937468,
         "i.sdss": 0.970535021573265,
         "z.sdss": 0.9784150993862155,
         "F150LP": 0.8924593305296875,
         "F125LP": 0.8819002834995712,
         "F225W": 0.8888819121419902,
         "I.johnson": 0.9765553992285811,
         "J": 0.9872568302395235,
         "H": 0.9919349874745171,
         "K": 0.9947521492898646,
         "V.uvot": 0.9560818535749824,
         "B.uvot": 0.9423197076139628,
         "U.uvot": 0.931134402698625,
         "UVW1.uvot": 0.9018255328929777,
         "UVM2.uvot": 0.8831622420193803,
         "UVW2.uvot": 0.8887345064948231,
         "g.ps": 0.9486325181362456,
         "r.ps": 0.9618598162737313,
         "i.ps": 0.9708271234457548,
         "z.ps": 0.9775054549528542,
         "y.ps": 0.9811509411154491,
         "u.sm": 0.9320665174116671,
         "v.sm": 0.9358174573591702,
         "g.sm": 0.9509409286145192,
         "r.sm": 0.9611864342288997,
         "i.sm": 0.972270084737397,
         "z.sm": 0.9792050472277666,
         "V.om": 0.9560137893676498,
         "B.om": 0.9421230943595357,
         "U.om": 0.9312658723518542,
         "UVW1.om": 0.9156775896797511,
         "UVM2.om": 0.8857572793427337,
         "r.ztf": 0.9609772404555442,
         "g.ztf": 0.9430401332705665,
         "i.ztf": 0.9507056401799622,
         "o.atlas": 0.965355887751383,
         "c.atlas": 0.9530755697999548,
         "g.decam": 0.947292733618694,
         "r.decam": 0.9633314677241164,
         "i.decam": 0.9724980293473116,
         "z.decam": 0.9794419516692469,
         "y.decam": 0.9820101165948331
      },
      "R_nu": {
         "FUV": 8.236876765390097,
         "NUV": 8.309170425356571,
         "u.sdss": 4.925790093838074,
         "g.sdss": 3.861514552701464,
         "r.sdss": 2.7493027202046667,
         "i.sdss": 2.112365124869351,
         "z.sdss": 1.5412195757538758,
         "F150LP": 8.035796987207176,
         "F125LP": 8.876423059150836,
         "F225W": 8.319482948356928,
         "I.johnson": 1.6755942731851452,
         "J": 0.9058245181754255,
         "H": 0.5719353077952962,
         "K": 0.37162778825460674,
         "V.uvot": 3.172083553013025,
         "B.uvot": 4.196131600453741,
         "U.uvot": 5.039514084193155,
         "UVW1.uvot": 7.29841803554898,
         "UVM2.uvot": 8.775428097607472,
         "UVW2.uvot": 8.331196557230198,
         "g.ps": 3.724548254430476,
         "r.ps": 2.7465289412697875,
         "i.ps": 2.0911110387556304,
         "z.ps": 1.6069150020975327,
         "y.ps": 1.344001827576456,
         "u.sm": 4.968845830737798,
         "v.sm": 4.685181030828355,
         "g.sm": 3.5528871868290475,
         "r.sm": 2.7959926264088923,
         "i.sm": 1.9862111852634123,
         "z.sm": 1.4842182885470374,
         "V.om": 3.177111883662874,
         "B.om": 4.210869801688755,
         "U.om": 5.029542431598107,
         "UVW1.om": 6.221798749425663,
         "UVM2.om": 8.56819911544191,
         "r.ztf": 2.8113661365361287,
         "g.ztf": 4.142154495379542,
         "i.ztf": 3.5703649329632126,
         "o.atlas": 2.4902782165375195,
         "c.atlas": 3.3945186123037314,
         "g.decam": 3.824370759573367,
         "r.decam": 2.6385483231654585,
         "i.decam": 1.969654394806817,
         "z.decam": 1.4671326315994813,
         "y.decam": 1.2821801736542833
      }
   },
   "host": {
      "vel_disp_km/s": 64.0,
      "e_vel_disp_km/s": 7.0,
      "vel_disp_source": "Wevers et al. 2017MNRAS.471.1694W",
      "note": "\nThe \"observations\" key constains the observed magnitudes, corrected for Galactic extinction. \nThe \"model\" key containts output from Prospector with FSPS (e.g., stellar mass). \nEach parameter is [median, lower, upper] range of the 68%CL interval.\nWe also give the synthetic observed magnitudes, these are also corrected for Galactic extinction. \nTo reverse the Galactic extinction correction, use the \"R_nu\" key.\nParameters with .0 indicate magnitudes in the galaxy rest-frame.\n",
      "Hubble_h": 0.7,
      "observations": {
         "maggies": [
            0.0,
            7.58848135654499e-10,
            1.5265032811523736e-09,
            5.906400570509204e-09,
            1.3210392176421875e-08,
            1.7251492401192333e-08,
            2.565040754471522e-08,
            1.912493641844208e-08,
            1.4308694127493417e-08,
            0.0
         ],
         "maggies_unc": [
            4.0437325241660813e-10,
            3.8873270221837887e-10,
            3.796095995554991e-10,
            2.7199979813812044e-10,
            6.083610419606836e-10,
            7.944605846977104e-10,
            1.6537428891671317e-09,
            9.459103244135878e-09,
            1.8582099990172269e-09,
            4.086674089890346e-08
         ],
         "mags": [
            21.735618936353447,
            22.799612821283397,
            22.040755644668067,
            20.571692756590878,
            19.69771072327485,
            19.407933321974316,
            18.977264325599236,
            19.296,
            19.610999999999997,
            17.719
         ],
         "mags_unc": [
            0.05,
            0.5561866056479552,
            0.27,
            0.05,
            0.05,
            0.05,
            0.07,
            0.537,
            0.141,
            0.05
         ],
         "filternames": [
            "GALEX_FUV",
            "GALEX_NUV",
            "sdss_u0",
            "sdss_g0",
            "sdss_r0",
            "sdss_i0",
            "sdss_z0",
            "wise_w1",
            "wise_w2",
            "wise_w3"
         ]
      },
      "model": {
         "mass": [
            9.934389763263615,
            0.13652230206401406,
            0.16797791744632562
         ],
         "logzsol": [
            -1.134563871720629,
            0.5807734832920746,
            0.6322479597782658
         ],
         "dust2": [
            0.5456678338348275,
            0.3342565312204499,
            0.2125733683504918
         ],
         "tage": [
            2.6760012049733892,
            0.8564530397602916,
            1.464929377119819
         ],
         "tau": [
            0.3703776841888803,
            0.21862398748247142,
            0.3599078321854495
         ],
         "GALEX_FUV": [
            25.599480222841933,
            1.614056838618751,
            1.9997117571590124
         ],
         "GALEX_NUV": [
            23.676752749300604,
            0.4299948997436438,
            0.5394935331455457
         ],
         "sdss_g0": [
            20.577010311792776,
            0.04116509372553523,
            0.05337030604187731
         ],
         "sdss_i0": [
            19.33826441570671,
            0.02556725990043418,
            0.033232505488363984
         ],
         "sdss_r0": [
            19.695067274869125,
            0.02538450246679247,
            0.0315629432156328
         ],
         "sdss_u0": [
            22.070599244397286,
            0.08847672923949546,
            0.1003322474868753
         ],