{
   "name": "SDSS-TDE1",
   "catalog_version": "v0.2",
   "catalog_creation_date": "Oct-2023",
   "ra": 355.50586,
   "dec": 1.1081316,
   "z": 0.136,
   "peak_year": 2006.6519406392695,
   "peak_mjd": 53973.95833333336,
   "peak_limit": true,
   "spectral_type": "-",
   "spectral_subtype": "-",
   "paper_ref": "2011ApJ...741...73V",
   "nickname": "TDE1",
   "extinction": {
      "note": "\nExinction due to Galatic absorption to be applied to the TDE light.\nE(B-V) based on from maps of Schlegel, Finkbeiner & Davis (1998).\nWe use a blackbody with T=3e4K to find the linear extinction in each optical/UV band (similar to A_nu), \nwe also give the ratio of total-to-selective extinction (R_nu)\n",
      "e_bv": 0.023754290903395252,
      "linear_extinction": {
         "FUV": 0.835103843550062,
         "NUV": 0.8338734377425893,
         "u.sdss": 0.8978375070524833,
         "g.sdss": 0.9189993252220304,
         "r.sdss": 0.9416255850705709,
         "i.sdss": 0.9548396737586102,
         "z.sdss": 0.9668449692020135,
         "F150LP": 0.8387793441865067,
         "F125LP": 0.8235345154171615,
         "F225W": 0.833682480698128,
         "I.johnson": 0.9640111764658945,
         "J": 0.9803779112776729,
         "H": 0.9875652867230641,
         "K": 0.9919024761012997,
         "V.uvot": 0.9329553843787566,
         "B.uvot": 0.9122906867002042,
         "U.uvot": 0.895608566897787,
         "UVW1.uvot": 0.8525405856114332,
         "UVM2.uvot": 0.8253823136278297,
         "UVW2.uvot": 0.8334321624315989,
         "g.ps": 0.921757483384338,
         "r.ps": 0.9416837474978077,
         "i.ps": 0.9552838170928633,
         "z.ps": 0.9654555187861026,
         "y.ps": 0.971024364971198,
         "u.sm": 0.8969913824532787,
         "v.sm": 0.9025747842110018,
         "g.sm": 0.925226942624102,
         "r.sm": 0.9406669038764185,
         "i.sm": 0.9574788917830702,
         "z.sm": 0.9680513356505961,
         "V.om": 0.9328568274664663,
         "B.om": 0.9119973401644133,
         "U.om": 0.8958054518020173,
         "UVW1.om": 0.8728883610057138,
         "UVM2.om": 0.829148782679038,
         "r.ztf": 0.9404599100352969,
         "g.ztf": 0.9135786890132863,
         "i.ztf": 0.9258465764986621,
         "o.atlas": 0.9469842189808633,
         "c.atlas": 0.9284442699098618,
         "g.decam": 0.9197820055831416,
         "r.decam": 0.9439112172751247,
         "i.decam": 0.9578261915774807,
         "z.decam": 0.9684127780655803,
         "y.decam": 0.9723383043325023
      },
      "R_nu": {
         "FUV": 8.236355885839139,
         "NUV": 8.303748184680826,
         "u.sdss": 4.925663340853217,
         "g.sdss": 3.860861143463412,
         "r.sdss": 2.7491611747689526,
         "i.sdss": 2.1122019974080777,
         "z.sdss": 1.5411066425538364,
         "F150LP": 8.035629577273706,
         "F125LP": 8.873996134156272,
         "F225W": 8.314216276540156,
         "I.johnson": 1.6752690122906833,
         "J": 0.9057818603525869,
         "H": 0.5719160489779779,
         "K": 0.3716197649660284,
         "V.uvot": 3.1719663439471133,
         "B.uvot": 4.195742871968514,
         "U.uvot": 5.039274908929694,
         "UVW1.uvot": 7.29183385476968,
         "UVM2.uvot": 8.771556452903152,
         "UVW2.uvot": 8.327942128948374,
         "g.ps": 3.7238880320980927,
         "r.ps": 2.7463380302616693,
         "i.ps": 2.090946368676219,
         "z.ps": 1.6068392272006333,
         "y.ps": 1.3439543067839588,
         "u.sm": 4.968758009640016,
         "v.sm": 4.685132886149726,
         "g.sm": 3.5521718151825477,
         "r.sm": 2.795719717807072,
         "i.sm": 1.9860402929070484,
         "z.sm": 1.484112023384571,
         "V.om": 3.176795057054584,
         "B.om": 4.210442278626167,
         "U.om": 5.029228087183129,
         "UVW1.om": 6.2137507642314995,
         "UVM2.om": 8.563456268814578,
         "r.ztf": 2.8057786434178666,
         "g.ztf": 4.131257790115272,
         "i.ztf": 3.5215716518053957,
         "o.atlas": 2.48978788014681,
         "c.atlas": 3.3935089773346117,
         "g.decam": 3.8219506604271407,
         "r.decam": 2.638349940877494,
         "i.decam": 1.9694643281530277,
         "z.decam": 1.4670495529358971,
         "y.decam": 1.2821478598515144
      }
   },
   "host": {
      "vel_disp_km/s": 126.0,
      "e_vel_disp_km/s": 7.0,
      "vel_disp_source": "Wevers et al. 2017MNRAS.471.1694W",
      "note": "\nThe \"observations\" key constains the observed magnitudes, corrected for Galactic extinction. \nThe \"model\" key containts output from Prospector with FSPS (e.g., stellar mass). \nEach parameter is [median, lower, upper] range of the 68%CL interval.\nWe also give the synthetic observed magnitudes, these are also corrected for Galactic extinction. \nTo reverse the Galactic extinction correction, use the \"R_nu\" key.\nParameters with .0 indicate magnitudes in the galaxy rest-frame.\n",
      "Hubble_h": 0.7,
      "observations": {
         "maggies": [
            0.0,
            1.5594855243250247e-09,
            8.31840402362803e-09,
            2.042392569184942e-08,
            2.9364362741861218e-08,
            3.926928903480688e-08,
            3.238918349968779e-08,
            2.1478304741305375e-08,
            0.0
         ],
         "maggies_unc": [
            1.3176474451838253e-11,
            1.1248647733826302e-10,
            3.8307666204615185e-10,
            9.405565367694116e-10,
            1.3522788782935882e-09,
            1.8084175908804174e-09,
            1.9390501286163756e-09,
            4.6290464363625855e-09,
            4.890688521614922e-08
         ],
         "mags": [
            25.45307692841085,
            22.017546630393,
            20.199899974603422,
            19.22465194572476,
            18.830448549175518,
            18.51486740375388,
            18.723999999999997,
            19.169999999999998,
            17.524
         ],
         "mags_unc": [
            0.05,
            0.0783147,
            0.05,
            0.05,
            0.05,
            0.05,
            0.065,
            0.234,
            0.05
         ],
         "filternames": [
            "GALEX_FUV",
            "sdss_u0",
            "sdss_g0",
            "sdss_r0",
            "sdss_i0",
            "sdss_z0",
            "wise_w1",
            "wise_w2",
            "wise_w3"
         ]
      },
      "model": {
         "mass": [
            10.159148702836418,
            0.05037818793593907,
            0.04975476430442072
         ],
         "logzsol": [
            -0.7788645361976587,
            0.4684164365741321,
            0.4132620000880587
         ],
         "dust2": [
            0.4379117045401392,
            0.274691362740212,
            0.24743064230904704
         ],
         "tage": [
            6.556391587412342,
            1.3087478829114811,
            1.4351710363595158
         ],
         "tau": [
            0.269546683380003,
            0.1324428040287636,
            0.22721328398456447
         ],
         "GALEX_FUV": [
            27.662160108870985,
            0.7769584372787612,
            0.9513249840737856
         ],
         "GALEX_NUV": [
            24.786692506405792,
            0.2770427704600671,
            0.37464289506627324
         ],
         "sdss_g0": [
            20.249347575427386,
            0.029894474862768305,
            0.03111418332471061
         ],
         "sdss_i0": [
            18.830571352714358,
            0.026736106909130086,
            0.021269021759849238
         ],
         "sdss_r0": [
            19.251021410674173,
            0.018483700204644293,
            0.027233669708415675
         ],
         "sdss_u0": [
            21.91246821246569,
            0.042521757424871964,
            0.04068787035189203
         ],
         "sdss_z0": [
            18.531844329327757,
            0.02475368211543838,
            0.029255990792112385
         ],