{
   "name": "AT2023rvb",
   "catalog_version": "v0.3",
   "catalog_creation_date": "May-2024",
   "ra": 290.3022882,
   "dec": -22.6443337,
   "z": 0.0815,
   "peak_year": 2023.7182420091324,
   "peak_mjd": 60207.15833333332,
   "peak_limit": false,
   "spectral_type": "-",
   "spectral_subtype": "",
   "paper_ref": "2023TNSAN.326....1H",
   "nickname": "ZTF23abaujuy",
   "extinction": {
      "note": "\nExinction due to Galatic absorption to be applied to the TDE light.\nE(B-V) based on from maps of Schlegel, Finkbeiner & Davis (1998).\nWe use a blackbody with T=3e4K to find the linear extinction in each optical/UV band (similar to A_nu), \nwe also give the ratio of total-to-selective extinction (R_nu)\n",
      "e_bv": 0.09797948885303955,
      "linear_extinction": {
         "FUV": 0.4757534686547396,
         "NUV": 0.4747421960491488,
         "u.sdss": 0.6412068805227389,
         "g.sdss": 0.7061751275599567,
         "r.sdss": 0.780376956337226,
         "i.sdss": 0.826561634551586,
         "z.sdss": 0.8702421732719062,
         "F150LP": 0.4843142873383109,
         "F125LP": 0.44982888506806296,
         "F225W": 0.47422850113965453,
         "I.johnson": 0.8599150085603557,
         "J": 0.9215430929176303,
         "H": 0.9497132119441252,
         "K": 0.9670278003238801,
         "V.uvot": 0.7511476706175023,
         "B.uvot": 0.6850092067858179,
         "U.uvot": 0.6347234587737628,
         "UVW1.uvot": 0.5205719338554434,
         "UVM2.uvot": 0.4545655040041633,
         "UVW2.uvot": 0.47288090280963235,
         "g.ps": 0.7149615842172277,
         "r.ps": 0.7806065186908103,
         "i.ps": 0.8281495529209103,
         "z.ps": 0.8650695257416126,
         "y.ps": 0.8858174961531559,
         "u.sm": 0.6386983336983767,
         "v.sm": 0.6552357520492971,
         "g.sm": 0.726159489394521,
         "r.sm": 0.7771864391351344,
         "i.sm": 0.8360308399516262,
         "z.sm": 0.874724992786239,
         "V.om": 0.7509150576051938,
         "B.om": 0.6841180101938845,
         "U.om": 0.6353318585053196,
         "UVW1.om": 0.573946209179867,
         "UVM2.om": 0.46350103007553933,
         "r.ztf": 0.7791025255277958,
         "g.ztf": 0.6937357775585585,
         "i.ztf": 0.7515523367571207,
         "o.atlas": 0.7990816911383778,
         "c.atlas": 0.7368039758320208,
         "g.decam": 0.7094716326303611,
         "r.decam": 0.7882556210886434,
         "i.decam": 0.8372952496827482,
         "z.decam": 0.8760565971841752,
         "y.decam": 0.8907613012676542
      },
      "R_nu": {
         "FUV": 8.231774844489905,
         "NUV": 8.255354497640507,
         "u.sdss": 4.924546665833506,
         "g.sdss": 3.8550819337127975,
         "r.sdss": 2.7479109296612836,
         "i.sdss": 2.110767203507071,
         "z.sdss": 1.5401150450587282,
         "F150LP": 8.03414884848031,
         "F125LP": 8.852686019189308,
         "F225W": 8.267351469727485,
         "I.johnson": 1.6724028614653283,
         "J": 0.9054025500405659,
         "H": 0.5717400785799794,
         "K": 0.37153287684243835,
         "V.uvot": 3.170935995409221,
         "B.uvot": 4.192295584201156,
         "U.uvot": 5.037162690642777,
         "UVW1.uvot": 7.234148021480938,
         "UVM2.uvot": 8.736612352250226,
         "UVW2.uvot": 8.298885519922258,
         "g.ps": 3.7180560560456866,
         "r.ps": 2.744651650856128,
         "i.ps": 2.0894992721936396,
         "z.ps": 1.6061776696768892,
         "y.ps": 1.343540026855352,
         "u.sm": 4.96798409421428,
         "v.sm": 4.6847155476510745,
         "g.sm": 3.545843741566078,
         "r.sm": 2.7933087615087424,
         "i.sm": 1.9845404045640573,
         "z.sm": 1.483179419603654,
         "V.om": 3.174368136124049,
         "B.om": 4.206721683612463,
         "U.om": 5.026546088167438,
         "UVW1.om": 6.1525328167220215,
         "UVM2.om": 8.520898104801873,
         "r.ztf": 2.766022488861503,
         "g.ztf": 4.052019183071155,
         "i.ztf": 3.1649677903769784,
         "o.atlas": 2.4854390719682997,
         "c.atlas": 3.38458693963385,
         "g.decam": 3.803473725640919,
         "r.decam": 2.6365958019342104,
         "i.decam": 1.9677938111622602,
         "z.decam": 1.466323110773031,
         "y.decam": 1.2818667342705414
      }
   },
   "host": {
      "note": "\nThe \"observations\" key constains the observed magnitudes, corrected for Galactic extinction. \nThe \"model\" key containts output from Prospector with FSPS (e.g., stellar mass). \nEach parameter is [median, lower, upper] range of the 68%CL interval.\nWe also give the synthetic observed magnitudes, these are also corrected for Galactic extinction. \nTo reverse the Galactic extinction correction, use the \"R_nu\" key.\nParameters with .0 indicate magnitudes in the galaxy rest-frame.\n",
      "Hubble_h": 0.7,
      "observations": {
         "maggies": [
            9.163303619539192e-09,
            1.169616862492993e-08,
            1.5245476007510035e-07,
            7.108245395197717e-08,
            1.9516413002858226e-07
         ],
         "maggies_unc": [
            3.1115474320321354e-09,
            2.1555603357295066e-09,
            7.020801158098197e-09,
            5.30301812252157e-09,
            5.2487819526144724e-08
         ],
         "mags": [
            20.094869807895584,
            19.829890947676233,
            17.042147527917276,
            17.870593969070107,
            16.774
         ],
         "mags_unc": [
            0.3686792274977968,
            0.2000971406186558,
            0.05,
            0.081,
            0.292
         ],
         "filternames": [
            "GALEX_FUV",
            "GALEX_NUV",
            "wise_w1",
            "wise_w2",
            "wise_w3"
         ]
      },
      "model": {
         "mass": [
            10.285460792982688,
            0.18398399822439337,
            0.1468401540385944
         ],
         "logzsol": [
            -1.0682744827428658,
            0.5452495378625593,
            0.48668441326281986
         ],
         "dust2": [
            0.17274812282198734,
            0.05444698743884073,
            0.06258569437746234
         ],
         "tage": [
            6.921431327169534,
            3.651509879361745,
            3.8171196252116975
         ],
         "tau": [
            1.7854077796360333,
            1.0585265665085606,
            1.3261644130421781
         ],
         "GALEX_FUV": [
            20.237600735380255,
            0.30474150418798374,
            0.4210606593271464
         ],
         "GALEX_NUV": [
            19.871049202011047,
            0.1380175734410507,
            0.2098989800684663
         ],
         "sdss_g0": [
            17.526198240210263,
            0.27269980950170236,
            0.3107040556860845
         ],
         "sdss_i0": [
            16.70797138321367,
            0.20467322919183317,
            0.2536809252145886
         ],
         "sdss_r0": [
            16.946618292149232,
            0.22737638607162225,
            0.28708656250327635
         ],
         "sdss_u0": [
            18.84241180351094,
            0.24850589055276018,
            0.2687026038886309
         ],
         "sdss_z0": [
            16.507316301378168,
            0.15510366486020288,
            0.20102538624738386
         ],
         "uvot_B": [
            17.819761312662827,
            0.28130826737130477,
            0.3350781200314046
         ],
         "uvot_U": [
            18.927404372894948,
            0.24364068921421023,
            0.2676704487207786
         ],
         "uvot_UVM2": [
            19.879971225037732,
            0.1343369797585936,
            0.21792851992008266
         ],
         "uvot_UVW1": [
            19.671015401119348,
            0.1637979178339286,
            0.19677911505377566
         ],