{
   "name": "AT2018cqh",
   "catalog_version": "v0.6",
   "catalog_creation_date": "Feb-2025",
   "ra": 38.445542,
   "dec": -1.02455,
   "z": 0.048,
   "peak_year": 2018.358789954338,
   "peak_mjd": 58249.958333333336,
   "peak_limit": false,
   "spectral_type": "-",
   "spectral_subtype": "",
   "paper_ref": "2024MNRAS.527.1962B",
   "nickname": "Gaia18bod",
   "extinction": {
      "note": "\nExinction due to Galatic absorption to be applied to the TDE light.\nE(B-V) based on from maps of Schlegel, Finkbeiner & Davis (1998).\nWe use a blackbody with T=3e4K to find the linear extinction in each optical/UV band (similar to A_nu), \nwe also give the ratio of total-to-selective extinction (R_nu)\n",
      "e_bv": 0.026103463078601778,
      "linear_extinction": {
         "FUV": 0.820356385697827,
         "NUV": 0.8190553479965571,
         "u.sdss": 0.8883203705402302,
         "g.sdss": 0.9113583361584374,
         "r.sdss": 0.9360420646530264,
         "i.sdss": 0.9504869156777066,
         "z.sdss": 0.963627162809824,
         "F150LP": 0.8241813194598251,
         "F125LP": 0.8068225144957654,
         "F225W": 0.8187058811663772,
         "I.johnson": 0.9605253037988455,
         "J": 0.9784586927000521,
         "H": 0.9863441379048594,
         "K": 0.9911053162120075,
         "V.uvot": 0.9265750803493027,
         "B.uvot": 0.9040485860959604,
         "U.uvot": 0.8858979357405756,
         "UVW1.uvot": 0.8392327014178277,
         "UVM2.uvot": 0.809886492261341,
         "UVW2.uvot": 0.8185670915311811,
         "g.ps": 0.9143645477198513,
         "r.ps": 0.9361059068862803,
         "i.ps": 0.9509727790066953,
         "z.ps": 0.9621052496002658,
         "y.ps": 0.9682051515534728,
         "u.sm": 0.8874002337649638,
         "v.sm": 0.8934718258660334,
         "g.sm": 0.918147587212262,
         "r.sm": 0.9349956953043908,
         "i.sm": 0.953374365052119,
         "z.sm": 0.964948460201752,
         "V.om": 0.9264687242653401,
         "B.om": 0.9037293746603062,
         "U.om": 0.8861123869115272,
         "UVW1.om": 0.8612770936428576,
         "UVM2.om": 0.8139534303311622,
         "r.ztf": 0.9348020138586016,
         "g.ztf": 0.9055135879103551,
         "i.ztf": 0.91911332341364,
         "o.atlas": 0.94189956040622,
         "c.atlas": 0.9216584727154713,
         "g.decam": 0.9122218506422073,
         "r.decam": 0.9385394877552118,
         "i.decam": 0.9537545059236434,
         "z.decam": 0.9653442326149678,
         "y.decam": 0.969644837179028,
         "W1.wise": 1,
         "W2.wise": 1,
         "W3.wise": 1,
         "W4.wise": 1
      },
      "R_nu": {
         "FUV": 8.236209571712537,
         "NUV": 8.302226926900074,
         "u.sdss": 4.925627931769593,
         "g.sdss": 3.860678320010992,
         "r.sdss": 2.749121260535708,
         "i.sdss": 2.1121581791654473,
         "z.sdss": 1.5410758450394861,
         "F150LP": 8.042729137069172,
         "F125LP": 8.928124877612927,
         "F225W": 8.319977466890307,
         "I.johnson": 1.6751790434450233,
         "J": 0.9057710150971029,
         "H": 0.5719099592014909,
         "K": 0.3716168160217116,
         "V.uvot": 3.171933926109719,
         "B.uvot": 4.195633790725928,
         "U.uvot": 5.039207836069341,
         "UVW1.uvot": 7.289990757239061,
         "UVM2.uvot": 8.770468893672371,
         "UVW2.uvot": 8.327029139326392,
         "g.ps": 3.723703334918335,
         "r.ps": 2.746284490787964,
         "i.ps": 2.0909020982507327,
         "z.ps": 1.6068189519923959,
         "y.ps": 1.3439414997511183,
         "u.sm": 4.9687335602217155,
         "v.sm": 4.685119512922621,
         "g.sm": 3.5519714959470288,
         "r.sm": 2.7956432940874323,
         "i.sm": 1.9859941362061315,
         "z.sm": 1.484083023193084,
         "V.om": 3.176708480450899,
         "B.om": 4.210322699926235,
         "U.om": 5.02914041196385,
         "UVW1.om": 6.2115420132233385,
         "UVM2.om": 8.562124681362754,
         "r.ztf": 2.804260164948126,
         "g.ztf": 4.128286374961876,
         "i.ztf": 3.5082450777326986,
         "o.atlas": 2.4896510583446103,
         "c.atlas": 3.3932260276154693,
         "g.decam": 3.821286959426373,
         "r.decam": 2.63829460420752,
         "i.decam": 1.9694127544284028,
         "z.decam": 1.4670269698265015,
         "y.decam": 1.282139321630786,
         "W1.wise": 0,
         "W2.wise": 0,
         "W3.wise": 0,
         "W4.wise": 0
      }
   },
   "host": {
      "vel_disp_km/s": 53.836,
      "e_vel_disp_km/s": 9.559,
      "vel_disp_source": "SDSS",
      "note": "\nThe \"observations\" key constains the observed magnitudes, corrected for Galactic extinction. \nThe \"model\" key containts output from Prospector with FSPS (e.g., stellar mass). \nEach parameter is [median, lower, upper] range of the 68%CL interval.\nWe also give the synthetic observed magnitudes, these are also corrected for Galactic extinction. \nTo reverse the Galactic extinction correction, use the \"R_nu\" key.\nParameters with .0 indicate magnitudes in the galaxy rest-frame.\n",
      "Hubble_h": 0.7,
      "observations": {
         "maggies": [
            2.8622438885633486e-09,
            8.052529458749138e-09,
            2.3568575857678624e-08,
            9.039495110414732e-08,
            1.3111979174202067e-07,
            1.613439665391626e-07,
            1.8742296702560007e-07,
            1.1845772503876341e-07,
            6.824019818410625e-08,
            1.0832537371610058e-07
         ],
         "maggies_unc": [
            1.6346770387540646e-10,
            3.708326858522236e-10,
            1.0853730286598032e-09,
            4.1628413378867056e-09,
            6.038289557233212e-09,
            7.430164243952119e-09,
            8.631146599157227e-09,
            5.455179836484883e-09,
            3.142577261633648e-09,
            2.589005128432086e-08
         ],
         "mags": [
            21.358233408145274,
            20.2351691942903,
            19.069166647829807,
            17.609639564542864,
            17.205829373070767,
            16.980618176018037,
            16.817942978106746,
            17.316091530423716,
            17.91489930138699,
            17.413174510002136
         ],
         "mags_unc": [
            0.06200827438757983,
            0.05,
            0.05,
            0.05,
            0.05,
            0.05,
            0.05,
            0.05,
            0.05,
            0.25949382917525876
         ],
         "filternames": [
            "GALEX_FUV",
            "GALEX_NUV",
            "sdss_u0",
            "sdss_g0",
            "sdss_r0",
            "sdss_i0",
            "sdss_z0",
            "wise_w1",
            "wise_w2",
            "wise_w3"
         ]
      },
      "model": {
         "mass": [
            9.25958917159849,
            0.028662053775551755,
            0.03128710690097769
         ],
         "logzsol": [
            -0.6666903733954422,
            0.1257860454239902,
            0.17655541253432183
         ],
         "dust2": [
            0.18854696920252678,
            0.037962638185995934,
            0.04033431752506772
         ],
         "tage": [
            1.2181200398192669,
            0.07980534680956275,
            0.127417253978509
         ],
         "tau": [
            0.18689419080599975,
            0.026694926824603754,
            0.02546961557669919
         ],
         "GALEX_FUV": [
            21.33084996834613,
            0.052597421907861985,
            0.0720376329957162
         ],
         "GALEX_NUV": [
            20.305572366663213,
            0.029126349158914877,
            0.038111280649403056
         ],
         "sdss_g0": [
            17.611367036612833,
            0.023608550767882264,
            0.023246566517247658
         ],
         "sdss_i0": [
            16.9644865256202,
            0.02015785688644911,
            0.020958029327868388
         ],