{
   "name": "AT2018bsi",
   "catalog_version": "v0.3",
   "catalog_creation_date": "May-2024",
   "ra": 123.860974754,
   "dec": 45.592225495,
   "z": 0.051,
   "peak_year": 2018.290296803653,
   "peak_mjd": 58224.958333333365,
   "peak_limit": false,
   "spectral_type": "H+He",
   "spectral_subtype": "N",
   "paper_ref": "2021ApJ...908....4V",
   "nickname": "JonSnow",
   "extinction": {
      "note": "\nExinction due to Galatic absorption to be applied to the TDE light.\nE(B-V) based on from maps of Schlegel, Finkbeiner & Davis (1998).\nWe use a blackbody with T=3e4K to find the linear extinction in each optical/UV band (similar to A_nu), \nwe also give the ratio of total-to-selective extinction (R_nu)\n",
      "e_bv": 0.05318856910215519,
      "linear_extinction": {
         "FUV": 0.6680466695740903,
         "NUV": 0.6664089719929374,
         "u.sdss": 0.7856223723552601,
         "g.sdss": 0.8277654937137069,
         "r.sdss": 0.8740191856685301,
         "i.sdss": 0.9017249483719845,
         "z.sdss": 0.9273008338861094,
         "F150LP": 0.674607310825817,
         "F125LP": 0.6477129137143619,
         "F225W": 0.6660486013249315,
         "I.johnson": 0.9212597920783141,
         "J": 0.9566042360267238,
         "H": 0.9723748712477878,
         "K": 0.9819612882379977,
         "V.uvot": 0.8560985099467578,
         "B.uvot": 0.8142594951682485,
         "U.uvot": 0.7812771474134128,
         "UVW1.uvot": 0.7004105969653177,
         "UVM2.uvot": 0.6511382088575888,
         "UVW2.uvot": 0.6653704232549726,
         "g.ps": 0.8333394768605066,
         "r.ps": 0.8741474698271328,
         "i.ps": 0.9026646070336113,
         "z.ps": 0.9243136618942182,
         "y.ps": 0.9362898261362586,
         "u.sm": 0.783960336018626,
         "v.sm": 0.7949234537245116,
         "g.sm": 0.8403872149019948,
         "r.sm": 0.8720476280562038,
         "i.sm": 0.9073164416536953,
         "z.sm": 0.9298924955068046,
         "V.om": 0.8559222814286387,
         "B.om": 0.813678220795929,
         "U.om": 0.7816711405298403,
         "UVW1.om": 0.7385144652426922,
         "UVM2.om": 0.6579082575352424,
         "r.ztf": 0.872331817679922,
         "g.ztf": 0.8181761015366694,
         "i.ztf": 0.8480268963253186,
         "o.atlas": 0.8852487482866429,
         "c.atlas": 0.8469875004451302,
         "g.decam": 0.8295729473126849,
         "r.decam": 0.8787852747774813,
         "i.decam": 0.9080565202125849,
         "z.decam": 0.9306663730041865,
         "y.decam": 0.9391266057678667
      },
      "R_nu": {
         "FUV": 8.2345323307971,
         "NUV": 8.284635568628355,
         "u.sdss": 4.925219803170387,
         "g.sdss": 3.8585678733113093,
         "r.sdss": 2.74866550339086,
         "i.sdss": 2.1116339057503857,
         "z.sdss": 1.540714021160878,
         "F150LP": 8.035042091243081,
         "F125LP": 8.865506599395815,
         "F225W": 8.295677170012706,
         "I.johnson": 1.6741324118035146,
         "J": 0.9056316350449201,
         "H": 0.5718462262312503,
         "K": 0.3715851524634163,
         "V.uvot": 3.1715582870702224,
         "B.uvot": 4.194377188787217,
         "U.uvot": 5.038435915629785,
         "UVW1.uvot": 7.268821780085739,
         "UVM2.uvot": 8.757841327818067,
         "UVW2.uvot": 8.316472462350728,
         "g.ps": 3.7215724015537335,
         "r.ps": 2.7456696110182097,
         "i.ps": 2.090373288708896,
         "z.ps": 1.60657770868705,
         "y.ps": 1.3437894730037994,
         "u.sm": 4.96845052428275,
         "v.sm": 4.684967602996931,
         "g.sm": 3.5496613539841406,
         "r.sm": 2.794763792534687,
         "i.sm": 1.9854463013204076,
         "z.sm": 1.4837425449336645,
         "V.om": 3.175760742972652,
         "B.om": 4.208954566874104,
         "U.om": 5.028144383292012,
         "UVW1.om": 6.187466404363911,
         "UVM2.om": 8.546698365976455,
         "r.ztf": 2.7881125425816986,
         "g.ztf": 4.096425774414083,
         "i.ztf": 3.364932282147636,
         "o.atlas": 2.488066493489772,
         "c.atlas": 3.3899670554427703,
         "g.decam": 3.8140440824525226,
         "r.decam": 2.6376545666995046,
         "i.decam": 1.9688026736310127,
         "z.decam": 1.4667614833682219,
         "y.decam": 1.2820355967702772
      }
   },
   "host": {
      "vel_disp_km/s": 117.54,
      "e_vel_disp_km/s": 8.12,
      "vel_disp_source": "Hammerstein et al. 2023arXiv230715705H",
      "note": "\nThe \"observations\" key constains the observed magnitudes, corrected for Galactic extinction. \nThe \"model\" key containts output from Prospector with FSPS (e.g., stellar mass). \nEach parameter is [median, lower, upper] range of the 68%CL interval.\nWe also give the synthetic observed magnitudes, these are also corrected for Galactic extinction. \nTo reverse the Galactic extinction correction, use the \"R_nu\" key.\nParameters with .0 indicate magnitudes in the galaxy rest-frame.\n",
      "Hubble_h": 0.7,
      "observations": {
         "maggies": [
            1.4074843379509845e-08,
            2.4400384580696328e-08,
            1.0371625563757832e-07,
            4.068868900400268e-07,
            8.033720190293743e-07,
            1.1580532828810872e-06,
            1.5419644369073832e-06,
            1.2289161413004009e-06,
            7.45408314060987e-07,
            2.550636885556249e-06
         ],
         "maggies_unc": [
            6.481704910377061e-10,
            1.1236792359766627e-09,
            4.7763100826449505e-09,
            1.8737833750817464e-08,
            3.699664870291132e-08,
            5.3330324521096164e-08,
            7.101008652699797e-08,
            5.659367974996135e-08,
            3.4327321443013055e-08,
            1.1746116940645159e-07
         ],
         "mags": [
            19.628891072859936,
            19.03150832145256,
            17.460382926278392,
            15.976315757395524,
            15.23770824639997,
            14.840678644852904,
            14.529814106297913,
            14.776194378652576,
            15.319014418911603,
            13.983378410339355
         ],
         "mags_unc": [
            0.05,
            0.05,
            0.05,
            0.05,
            0.05,
            0.05,
            0.05,
            0.05,
            0.05,
            0.05
         ],
         "filternames": [
            "GALEX_FUV",
            "GALEX_NUV",
            "sdss_u0",
            "sdss_g0",
            "sdss_r0",
            "sdss_i0",
            "sdss_z0",
            "wise_w1",
            "wise_w2",
            "wise_w3"
         ]
      },
      "model": {
         "mass": [
            10.637823230704171,
            0.055397696160884635,
            0.027402409594678545
         ],
         "logzsol": [
            -0.7323189939657193,
            0.052604258980776586,
            0.06093492621345198
         ],
         "dust2": [
            0.5616592754174888,
            0.022064495206074675,
            0.02293132804529574
         ],
         "tage": [
            4.2583992883504145,
            0.7266066408021574,
            0.2909917351572373
         ],
         "tau": [
            0.9066808925104974,
            0.16895505670182986,
            0.0706140401623685
         ],
         "GALEX_FUV": [
            19.631606734453868,
            0.0388465564719489,
            0.04254525870439352
         ],
         "GALEX_NUV": [
            19.0441799620826,
            0.03187859313417718,
            0.03122228965774454
         ],
         "sdss_g0": [
            15.935201196801025,
            0.0280220311271826,
            0.023019306794067163
         ],
         "sdss_i0": [
            14.856577216274577,
            0.01789415018973095,
            0.022978133905370512
         ],
         "sdss_r0": [
            15.204266603364362,
            0.02004461935454671,
            0.025653010523985387
         ],