{
   "name": "AT2023cvb",
   "catalog_version": "v0.3",
   "catalog_creation_date": "May-2024",
   "ra": 288.607003,
   "dec": 41.669251,
   "z": 0.071,
   "peak_year": 2023.1949543378996,
   "peak_mjd": 60016.158333333355,
   "peak_limit": true,
   "spectral_type": "-",
   "spectral_subtype": "",
   "paper_ref": "2023TNSAN.102....1Y",
   "nickname": "ATLAS23dht",
   "extinction": {
      "note": "\nExinction due to Galatic absorption to be applied to the TDE light.\nE(B-V) based on from maps of Schlegel, Finkbeiner & Davis (1998).\nWe use a blackbody with T=3e4K to find the linear extinction in each optical/UV band (similar to A_nu), \nwe also give the ratio of total-to-selective extinction (R_nu)\n",
      "e_bv": 0.10066585378725044,
      "linear_extinction": {
         "FUV": 0.46616877877627777,
         "NUV": 0.4652196770755774,
         "u.sdss": 0.6334438873312385,
         "g.sdss": 0.6994849328574824,
         "r.sdss": 0.7750924543575513,
         "i.sdss": 0.8222601051527298,
         "z.sdss": 0.866935233594284,
         "F150LP": 0.4747843360529223,
         "F125LP": 0.4401143602557368,
         "F225W": 0.46469988807084495,
         "I.johnson": 0.8563723443536253,
         "J": 0.9194821826717147,
         "H": 0.948371237061375,
         "K": 0.9661395741725818,
         "V.uvot": 0.7452800586862863,
         "B.uvot": 0.6779483831263365,
         "U.uvot": 0.6268663585321731,
         "UVW1.uvot": 0.5114350822445399,
         "UVM2.uvot": 0.4448979568356061,
         "UVW2.uvot": 0.46331561550217637,
         "g.ps": 0.7084283961322801,
         "r.ps": 0.7753278447318762,
         "i.ps": 0.8238831460954885,
         "z.ps": 0.861640434674852,
         "y.ps": 0.882878963848789,
         "u.sm": 0.6308971722064051,
         "v.sm": 0.6476856379633542,
         "g.sm": 0.7198318420253337,
         "r.sm": 0.7718398366401364,
         "i.sm": 0.8319400005955921,
         "z.sm": 0.8715236125731867,
         "V.om": 0.7450457251012174,
         "B.om": 0.677042707452472,
         "U.om": 0.627484755659413,
         "UVW1.om": 0.5653763370225162,
         "UVM2.om": 0.4538970634991953,
         "r.ztf": 0.7738728309109217,
         "g.ztf": 0.6869672243320158,
         "i.ztf": 0.7464304223037445,
         "o.atlas": 0.7941944008891019,
         "c.atlas": 0.730681381541466,
         "g.decam": 0.7028645914839472,
         "r.decam": 0.7831347498105011,
         "i.decam": 0.8332332238981771,
         "z.decam": 0.8728861421630228,
         "y.decam": 0.88794145362153
      },
      "R_nu": {
         "FUV": 8.231609921425813,
         "NUV": 8.253591262523424,
         "u.sdss": 4.924506248554284,
         "g.sdss": 3.8548730796486996,
         "r.sdss": 2.747865508767674,
         "i.sdss": 2.110715236590434,
         "z.sdss": 1.5400789829564234,
         "F150LP": 8.034095113382563,
         "F125LP": 8.85192067205641,
         "F225W": 8.265648668468366,
         "I.johnson": 1.6722990890758023,
         "J": 0.9053884843653398,
         "H": 0.5717337420775678,
         "K": 0.37152936593725366,
         "V.uvot": 3.1708989231144202,
         "B.uvot": 4.192170541194221,
         "U.uvot": 5.037086280817087,
         "UVW1.uvot": 7.232082021869709,
         "UVM2.uvot": 8.735325224067243,
         "UVW2.uvot": 8.297825171109048,
         "g.ps": 3.7178455641732713,
         "r.ps": 2.7445905081111523,
         "i.ps": 2.0894468706229747,
         "z.ps": 1.6061535869052352,
         "y.ps": 1.3435248610998873,
         "u.sm": 4.967956155165463,
         "v.sm": 4.68470007354824,
         "g.sm": 3.5456150400401336,
         "r.sm": 2.7932214822336636,
         "i.sm": 1.9844860703758602,
         "z.sm": 1.4831454663136139,
         "V.om": 3.1742906858126174,
         "B.om": 4.206588655434342,
         "U.om": 5.026451696645537,
         "UVW1.om": 6.150605267125789,
         "UVM2.om": 8.519339329659033,
         "r.ztf": 2.764850147129852,
         "g.ztf": 4.049634925672407,
         "i.ztf": 3.1542639226593945,
         "o.atlas": 2.485281137907353,
         "c.atlas": 3.3842647140168904,
         "g.decam": 3.8028867042254264,
         "r.decam": 2.636532170248116,
         "i.decam": 1.967733312018275,
         "z.decam": 1.4662966397968837,
         "y.decam": 1.2818564220637614
      }
   },
   "host": {
      "note": "\nThe \"observations\" key constains the observed magnitudes, corrected for Galactic extinction. \nThe \"model\" key containts output from Prospector with FSPS (e.g., stellar mass). \nEach parameter is [median, lower, upper] range of the 68%CL interval.\nWe also give the synthetic observed magnitudes, these are also corrected for Galactic extinction. \nTo reverse the Galactic extinction correction, use the \"R_nu\" key.\nParameters with .0 indicate magnitudes in the galaxy rest-frame.\n",
      "Hubble_h": 0.7,
      "observations": {
         "maggies": [
            5.085788425512822e-09,
            1.167808209537903e-08,
            1.5791087997658878e-07,
            2.765205627855445e-07,
            3.644088268493886e-07,
            4.2239555223529377e-07,
            4.956930618936421e-07,
            2.8769069191398886e-07,
            1.8091124766811536e-07,
            9.323951375406328e-07
         ],
         "maggies_unc": [
            7.907041153340103e-10,
            5.529462041281212e-10,
            7.272064765113306e-09,
            1.2734242515526378e-08,
            1.6781646649177013e-08,
            1.9452034038479504e-08,
            2.2827509100337505e-08,
            1.324864597188587e-08,
            8.331270840711125e-09,
            4.293838288962388e-08
         ],
         "mags": [
            20.734104277301846,
            19.83157119010248,
            17.00396986574853,
            16.395681419738658,
            16.096027779813227,
            15.935701658772249,
            15.76196789944074,
            16.35268547314859,
            16.856336078036424,
            15.076
         ],
         "mags_unc": [
            0.16880294920699868,
            0.05140858817416927,
            0.05,
            0.05,
            0.05,
            0.05,
            0.05,
            0.05,
            0.05,
            0.05
         ],
         "filternames": [
            "GALEX_FUV",
            "GALEX_NUV",
            "ps_g",
            "ps_r",
            "ps_i",
            "ps_z",
            "ps_y",
            "wise_w1",
            "wise_w2",
            "wise_w3"
         ]
      },
      "model": {
         "mass": [
            10.477484295014984,
            0.1623326438652235,
            0.1422592708114685
         ],
         "logzsol": [
            -1.4774581976670575,
            0.247106198806343,
            0.19344205349442567
         ],
         "dust2": [
            0.5728967369218176,
            0.026917455053017347,
            0.033735959385101766
         ],
         "tage": [
            5.468680661885747,
            2.5643718784686373,
            3.4513467715901296
         ],
         "tau": [
            1.2447718069764688,
            0.6807377149283445,
            0.9442519726751253
         ],
         "GALEX_FUV": [
            20.599348383569254,
            0.1220933496733636,
            0.18736160045215655
         ],
         "GALEX_NUV": [
            19.869677102457963,
            0.044394330786079905,
            0.0518703444418378
         ],
         "ps_g": [
            16.938439692413596,
            0.033706399238525364,
            0.036706782497915924
         ],
         "ps_i": [
            16.111606693432726,
            0.03173989993639026,
            0.02109316130671246
         ],
         "ps_r": [
            16.405615557734894,
            0.01784537601656666,
            0.025909054036795
         ],
         "ps_y": [
            15.833401100234129,
            0.02724278649792211,
            0.01905299420007367
         ],