{
   "name": "SDSS-TDE2",
   "catalog_version": "v0.3",
   "catalog_creation_date": "May-2024",
   "ra": 350.95256,
   "dec": -1.13618,
   "z": 0.2515,
   "peak_year": 2007.4546803652968,
   "peak_mjd": 54266.95833333332,
   "peak_limit": true,
   "spectral_type": "H",
   "spectral_subtype": "-",
   "paper_ref": "2011ApJ...741...73V",
   "nickname": "TDE2",
   "extinction": {
      "note": "\nExinction due to Galatic absorption to be applied to the TDE light.\nE(B-V) based on from maps of Schlegel, Finkbeiner & Davis (1998).\nWe use a blackbody with T=3e4K to find the linear extinction in each optical/UV band (similar to A_nu), \nwe also give the ratio of total-to-selective extinction (R_nu)\n",
      "e_bv": 0.03314137790419924,
      "linear_extinction": {
         "FUV": 0.7777178198240257,
         "NUV": 0.7762499450128028,
         "u.sdss": 0.860408265153954,
         "g.sdss": 0.8888490120477214,
         "r.sdss": 0.9195126226984803,
         "i.sdss": 0.9375660686289169,
         "z.sdss": 0.9540516511397198,
         "F150LP": 0.7824881130305618,
         "F125LP": 0.7627766308480518,
         "F225W": 0.7759977282397581,
         "I.johnson": 0.9501594822367141,
         "J": 0.972731715661612,
         "H": 0.9826947990589922,
         "K": 0.9887209724266779,
         "V.uvot": 0.9077210096004948,
         "B.uvot": 0.8798014878964663,
         "U.uvot": 0.8574329165673811,
         "UVW1.uvot": 0.8006320527067234,
         "UVM2.uvot": 0.7652038176607768,
         "UVW2.uvot": 0.7756192957805342,
         "g.ps": 0.8925732813717631,
         "r.ps": 0.9195934097296673,
         "i.ps": 0.9381746179718732,
         "z.ps": 0.95213810058915,
         "y.ps": 0.9598082793377334,
         "u.sm": 0.8592760565580323,
         "v.sm": 0.8667463066093803,
         "g.sm": 0.8972657013589959,
         "r.sm": 0.9182108823240206,
         "i.sm": 0.9411838349864459,
         "z.sm": 0.9557126679119491,
         "V.om": 0.9075930948657719,
         "B.om": 0.8794079238174214,
         "U.om": 0.8576980323133903,
         "UVW1.om": 0.8274514329327873,
         "UVM2.om": 0.7701028378200754,
         "r.ztf": 0.9180871778353755,
         "g.ztf": 0.8818372221174231,
         "i.ztf": 0.8995190144916764,
         "o.atlas": 0.9268325261000306,
         "c.atlas": 0.9016308320079905,
         "g.decam": 0.8899565659549372,
         "r.decam": 0.9226298757502149,
         "i.decam": 0.9416607856840282,
         "z.decam": 0.9562097970626796,
         "y.decam": 0.961620277814309
      },
      "R_nu": {
         "FUV": 8.235773288501946,
         "NUV": 8.297664772526831,
         "u.sdss": 4.925521396852379,
         "g.sdss": 3.860129632428031,
         "r.sdss": 2.7490034263822674,
         "i.sdss": 2.1120213103303533,
         "z.sdss": 1.540982436598304,
         "F150LP": 8.035442243352541,
         "F125LP": 8.871283295906405,
         "F225W": 8.308311023644968,
         "I.johnson": 1.6749072154713298,
         "J": 0.9057351108847898,
         "H": 0.5718940292762408,
         "K": 0.3716089934116408,
         "V.uvot": 3.17183647461315,
         "B.uvot": 4.195307453135002,
         "U.uvot": 5.039006546157262,
         "UVW1.uvot": 7.284475882878578,
         "UVM2.uvot": 8.76720275833749,
         "UVW2.uvot": 8.324291422231319,
         "g.ps": 3.7231491837681956,
         "r.ps": 2.7461252418508844,
         "i.ps": 2.09076407555978,
         "z.ps": 1.606756959988385,
         "y.ps": 1.3439021908260183,
         "u.sm": 4.968659548559108,
         "v.sm": 4.6850798168715,
         "g.sm": 3.551371135928303,
         "r.sm": 2.795415185790079,
         "i.sm": 1.9858513879079633,
         "z.sm": 1.4839951331854042,
         "V.om": 3.1764533967241992,
         "B.om": 4.209965687974681,
         "U.om": 5.028878585700756,
         "UVW1.om": 6.205044329660846,
         "UVM2.om": 8.558129097991847,
         "r.ztf": 2.799829121856286,
         "g.ztf": 4.119591362850529,
         "i.ztf": 3.46920185516234,
         "o.atlas": 2.4892397092492304,
         "c.atlas": 3.3923789907706614,
         "g.decam": 3.8193333864453947,
         "r.decam": 2.638128586381264,
         "i.decam": 1.9692538843500602,
         "z.decam": 1.4669585413581956,
         "y.decam": 1.2821122939260192
      }
   },
   "host": {
      "note": "\nThe \"observations\" key constains the observed magnitudes, corrected for Galactic extinction. \nThe \"model\" key containts output from Prospector with FSPS (e.g., stellar mass). \nEach parameter is [median, lower, upper] range of the 68%CL interval.\nWe also give the synthetic observed magnitudes, these are also corrected for Galactic extinction. \nTo reverse the Galactic extinction correction, use the \"R_nu\" key.\nParameters with .0 indicate magnitudes in the galaxy rest-frame.\n",
      "Hubble_h": 0.7,
      "observations": {
         "maggies": [
            7.628308938507631e-10,
            9.254531693138668e-10,
            8.960608878812306e-10,
            4.811517819606072e-09,
            1.586604830725496e-08,
            2.3531692559964415e-08,
            3.247928343443214e-08,
            3.185664236573117e-08,
            2.8628592708721186e-08,
            0.0
         ],
         "maggies_unc": [
            2.1247136069057747e-10,
            2.116270298120934e-10,
            3.961452370272635e-10,
            2.2157858412200313e-10,
            7.306585263401738e-10,
            1.0836744900298591e-09,
            1.7948715328140455e-09,
            1.8484862715692142e-09,
            3.2959885402249716e-09,
            8.169020846503416e-08
         ],
         "mags": [
            22.79392931699763,
            22.584113882372648,
            22.61915619690385,
            20.794294753609375,
            19.49882806938555,
            19.07086708569184,
            18.720983902079688,
            18.741999999999997,
            18.858,
            16.967
         ],
         "mags_unc": [
            0.30241020734159463,
            0.24827958430654107,
            0.48,
            0.05,
            0.05,
            0.05,
            0.06,
            0.063,
            0.125,
            0.05
         ],
         "filternames": [
            "GALEX_FUV",
            "GALEX_NUV",
            "sdss_u0",
            "sdss_g0",
            "sdss_r0",
            "sdss_i0",
            "sdss_z0",
            "wise_w1",
            "wise_w2",
            "wise_w3"
         ]
      },
      "model": {
         "mass": [
            10.481709620815248,
            0.05482650414254131,
            0.04601013534915488
         ],
         "logzsol": [
            0.062468513189054095,
            0.1393092122306988,
            0.03521643989632961
         ],
         "dust2": [
            0.07510115810020189,
            0.05546046720793804,
            0.0935775978404197
         ],
         "tage": [
            4.281592475691512,
            0.7436739879446161,
            0.6443513255511464
         ],
         "tau": [
            0.819597383578134,
            0.16899198230243673,
            0.1305922103990267
         ],
         "GALEX_FUV": [
            23.055374981445922,
            0.2160234474252718,
            0.27024826644365874
         ],
         "GALEX_NUV": [
            22.891319014902386,
            0.1873747192542723,
            0.2848291159603278
         ],
         "sdss_g0": [
            20.741472328082214,
            0.037903784349140324,
            0.03328365752560458
         ],
         "sdss_i0": [
            19.083434524177783,
            0.019716949518187477,
            0.02709725205982494
         ],
         "sdss_r0": [
            19.530483811527127,
            0.023921514266646682,
            0.02291882324354333
         ],
         "sdss_u0": [
            22.141518921429345,
            0.07502273074065258,
            0.1047932498917774
         ],